{"cameraMode":{"drawMode":0,"name":"Shaded","section":"Shading Mode"},"sceneLighting":false,"audioPlay":false,"sceneViewState":{"m_AlwaysRefresh":false,"showFog":true,"showSkybox":false,"showFlares":true,"showImageEffects":true,"showParticleSystems":true,"showVisualEffectGraphs":true,"m_FxEnabled":true},"in2DMode":false,"pivot":{"x":0.003891176078468561,"y":0.04402978718280792,"z":-0.015512960031628609},"rotation":{"x":-0.00045914057409390807,"y":0.9554869532585144,"z":-0.2951056957244873,"w":-0.00144127756357193},"size":0.14226438105106355,"orthographic":false}