{"cameraMode":{"drawMode":0,"name":"Shaded","section":"Shading Mode"},"sceneLighting":true,"audioPlay":false,"sceneViewState":{"m_AlwaysRefresh":false,"showFog":true,"showSkybox":true,"showFlares":true,"showImageEffects":true,"showParticleSystems":true,"showVisualEffectGraphs":true,"m_FxEnabled":true},"in2DMode":false,"pivot":{"x":-0.03862656652927399,"y":1.3711496591567994,"z":-2.155000686645508},"rotation":{"x":0.09236805886030197,"y":0.03614688664674759,"z":-0.0033605308271944525,"w":0.9950786232948303},"size":0.813788890838623,"orthographic":false}