{"cameraMode":{"drawMode":0,"name":"Shaded","section":"Shading Mode"},"sceneLighting":false,"audioPlay":false,"sceneViewState":{"m_AlwaysRefresh":false,"showFog":true,"showSkybox":false,"showFlares":true,"showImageEffects":true,"showParticleSystems":true,"showVisualEffectGraphs":true,"m_FxEnabled":true},"in2DMode":false,"pivot":{"x":-0.05499999597668648,"y":0.07599999755620957,"z":0.023999996483325959},"rotation":{"x":0.07896524667739868,"y":0.018251363188028337,"z":-0.001449237228371203,"w":0.9967249035835266},"size":0.045033328235149387,"orthographic":false}